Submission ID,Respondent ID,Submitted at,idEmpresa,Transportadora principal,Importância - reduzir os custos de frete em cada pedido,Importância - aumentar a competitividade nas modalidades e transportadoras oferecidas aos clientes,Importância - ter flexibilidade para negociar condições comerciais e operacionais de acordo com o porte do seu negócio,Importância - garantir entregas dentro do prazo prometido,Importância - minimizar atrasos ou falhas na coleta e transporte,Importância - oferecer rastreamento claro e atualizado em tempo real ao cliente,"Importância - reduzir o tempo de resolução de problemas de entrega (atrasos, extravios, avarias)",Importância - oferecer suporte proativo e eficiente ao cliente final em caso de problemas,Importância - facilitar a emissão de documentos e etiquetas de forma prática,Importância - receber relatórios e indicadores de desempenho logístico,"Importância - integrar facilmente sua logística com sistemas de gestão (ERP, loja virtual, etc.)",Satisfação - reduzir os custos de frete em cada pedido,Satisfação - aumentar a competitividade nas modalidades e transportadoras oferecidas aos clientes,Satisfação - ter flexibilidade para negociar condições comerciais e operacionais de acordo com o porte do seu negócio,Satisfação - garantir entregas dentro do prazo prometido,Satisfação - minimizar atrasos ou falhas na coleta e transporte,Satisfação - oferecer rastreamento claro e atualizado em tempo real ao cliente,"Satisfação - reduzir o tempo de resolução de problemas de entrega (atrasos, extravios, avarias)",Satisfação - oferecer suporte proativo e eficiente ao cliente final em caso de problemas,Satisfação - facilitar a emissão de documentos e etiquetas de forma prática,Satisfação - receber relatórios e indicadores de desempenho logístico,"Satisfação - integrar facilmente sua logística com sistemas de gestão (ERP, loja virtual, etc.)",Pontos positivos,Pontos negativos
aQApgG2,b5VM6Ko,2025-09-18 16:22:32,14880567211,Correios,10,10,10,10,10,10,10,10,10,10,10,5,7,5,7,1,5,7,5,8,8,8,pontos positivos: tem uma agencia dos correios próximo. E sempre esta vazia.,"Pontos negativos: demora na entrega, os produtos por mais bem embalados chegam com avarias, muitas vezes não localizam a casa do cliente e o produto retorna pra mim como não localizado."
0QZqgq6,44XYzPY,2025-09-18 16:28:35,10265391275,MelhorEnvio,7,7,5,10,10,7,10,10,10,10,10,7,7,7,7,8,7,4,4,7,7,10,"Integração simplificada.
Diversas opções de transportadoras.
Visualização e rastreio","Principalmente o fato de ser Sem faturamento. Ter que pagar cada pedido gerado, sendo que poderia ser feito via faturas.
Facilitaria demais igual quando havia a opção de pagar via cartão. Agora só no Pix ou boleto é ruim para o fluxo de caixa.

Outra questão é o atendimento via protocolo, que antes havia chat e temos perdido vendas por apenas não saber onde está o pedido e isso poderia ser resolvido facilmente com um conversa de 2 minutos no chat para se passar o ocorrido."
yPo54ZB,gDjVoQP,2025-09-18 17:52:10,14880283961,Correios,9,10,9,10,10,10,10,10,10,10,10,6,7,8,6,6,7,0,0,10,9,5,Facilidade para gerar etiquetas e cotação de frete,"Precisamos de mais integrações com outros marketing places. Etsy, elo7 por exemplo. "
jaJAMoJ,pbxNaqZ,2025-09-18 18:25:33,14879569035,Total Express,10,8,10,10,10,10,10,10,10,10,10,5,8,5,9,8,0,0,8,0,0,0,O preço do frete está um pouco mais competitivo.,"Não consegui integrar ainda, preciso imprimir etiqueta separadamente no portal da transportadora. Quero juntar tudo no bling."
7RarDkP,Np5xGWQ,2025-09-18 18:28:59,14879953967,bRASPRESS,10,10,10,10,10,10,10,10,10,6,10,5,6,7,9,8,8,3,5,6,6,8,"
Correios é sempre bem claro, tanto o rastreio quanto prazo, fácil de pesquisar. Transportadora é rápida, chega em qquer lugar.","As trasnportadoras são mais complicadas, é dificil a coleta, o rastreio. A integração tb é mais complexa."
5BePP7v,Np5N06W,2025-09-18 20:37:34,14880398752,MelhorEnvio,10,6,5,6,6,10,10,10,10,10,10,7,8,5,6,6,10,7,5,5,5,5,"É um agrupador de logísticas, então me traz várias opções.",Integração com o bling ainda não é 1oo%
q4Jloj9,aQNJ1Zq,2025-09-18 23:53:55,14879764184,MelhorEnvio,10,5,10,10,10,10,10,10,10,10,10,7,5,0,3,3,5,1,2,8,5,2,A facilidade de calcular os valores de envio e importação direta da loja virtual,"Resolução de problemas é muito ruim, vc ter que depender de terceiros e apenas atendimento ""virtual"" é péssimo quando vc precisa um retorno agil"
vGJ9EWQ,0Qr0YaZ,2025-09-18 23:54:53,14880214754,Total Express,10,10,10,10,10,10,10,10,10,10,10,8,9,8,10,9,10,8,5,10,6,10,"Suporte por parte do gerente de conta, preços e perccentual minimo de problemas","Demora no suporte a proplemas, com demora no retorno dos tiket."
aQAMqb9,rjy9xLp,2025-09-19 01:45:32,14880053859,MelhorEnvio,10,10,10,10,10,10,10,10,10,10,10,7,7,9,8,8,9,7,8,6,7,6,Está melhorando a logística com um ponto de entrega perto da empresa.,O ponto de entrega poderia englobar mais transportadoras. Também seria interessante ter mais opções com coleta tanto para entrega como logística reversa.
EkZOOKL,jaD4O0Q,2025-09-19 01:46:14,14880058140,Correios,10,10,10,10,10,8,10,10,10,8,10,5,5,5,8,8,8,8,2,8,8,10,Existem várias opções porém infelizmente essa vastidão de opções não resultou em nada pois a API se tornou lenta para a resposta.,"Lentidão na resposta. Especificamente com a CONECTA-LA que me deixou um mês sem vendas enquanto estava tentando usar a API do Bling no Coopera e na Farmadelivery. Não consegui contato no CONECTA-LA, Bling disse que sua API era correta, Coopera que recebia com timeout. Eu no fim da fila sem poder fazer nada. Tive que voltar pros correios."
GxqG2Xp,MeKjqjA,2025-09-19 07:41:38,291171591,MelhorEnvio,10,10,7,10,10,10,10,10,10,10,10,6,7,4,6,6,5,5,5,8,6,8,Na forma de pagamento e opções de pontos de envio ,Ter que levar os produtos nos pontos de envio 
KYWXpaD,9qGjEqY,2025-09-19 11:54:18,14879498827,Correios,10,9,8,10,10,10,10,10,10,10,9,7,7,6,5,7,9,6,7,10,8,7,"São eficientes de modo geral , porém quando você compra serviços mais caros como o SEDEX. ",Os Correios ainda possuem baixas ineficazes o que impacta na nossa operação e sugerem retornos demorados de pacotes. 
KYWXLaX,aQNqvvE,2025-09-19 12:46:35,2681534095,MelhorEnvio,9,5,10,10,10,10,10,10,10,10,10,7,7,7,8,5,1,7,2,8,3,5,"Facilidade no orçamento, facilidade de entregar em um unico ponto independente de qual trasnportadora vai usar. ",Comunicação automatica no sistema onde o sistema recebe a informação da encomenda ter chegado na trasnportadora e jogue o pedido de venda para contas a receber. E quando o cliente devolver aparecer no sistema que o pedido esta retornando para um controle melhor. 
yPoOx1X,jaDAvz6,2025-09-19 12:46:43,14880302891,MelhorEnvio,10,10,10,10,10,10,9,9,10,9,6,9,10,10,10,10,10,9,9,9,9,6,Rastreio acho muito bom e praticidade para gerar etiqueta.,Devolução Reversa acho muito ruim.
EkZpJkL,0QrRk1y,2025-09-19 12:52:57,14880084416,MelhorEnvio,9,10,9,9,9,10,10,10,10,10,10,5,8,6,10,9,9,8,7,10,8,10,etiquetas facil de pagar e imprir,preço
aQAWvYv,Np51y1p,2025-09-19 13:23:09,9581267921,MelhorEnvio,10,8,5,10,10,10,10,10,10,8,10,7,8,6,9,9,9,8,6,7,8,9,"Estar integrada com o ERP, tem boas opções de transporte por preços razoaveis.",Não realiza coleta no meu ponto.
aQAWJ12,PdjJJl5,2025-09-19 14:08:34,14880132002,Mandae,10,10,10,10,10,10,10,10,10,10,10,8,8,8,9,8,9,7,7,10,8,10,"Se integra com o Bling, envia relatórios diários de todas as entregas (Que permite meu funcionário checar se realmente está dentro do prazo ou não efetivamente), tem um custo competitivo.","Quando acontece um problema nas entregas, a resolução é no painel próprio, e não sei se todos casos são realmente mapeados a tempos por eles ou por meus funcionários, o bling poderia com base na cotação e tabela apresentar se temos entregas atrasadas ou não de acordo com o que foi ofertado ao cliente, conciliação é outro problema, pois existem empresas que fornecem CTE e outra NF + CTE, porém o melhor dos mundos seria eu ter os lançamentos do contas a pagar de fretes vinculados a cada NF, isso facilitaria uma série de extração e conciliação de dados que faço, principalmente para verificar erros de entrega em que pagamos o frete da volta, e o novo envio, e entender se a falha foi realmente da transportadora ou nos dados do cliente, etc, e tive uma experiência recente, que fiz uma série de envios via correios por Mini envios, não consegui filtrar de forma fácil no bling, para saber quais pedidos ja haviam sido entregues, quais estavam pendentes em trânsito e quais tinham dado algum problema, pois mesmo que eu colocasse um filtro por período, ele só carrega o número de quantidades de objeto da primeira página, dessa forma como eram aproximadamente 1900 envios no período, tive que ir abrindo as páginas e selecionando ou fazendo mútiplos por página, e checando status a status, na aba objetos de postem, pra mim é péssimo ter que gerenciar por dados da transportadora externos, se a informação está no bling pelos rastreios, poderia ser mais fácil de acessar, e e ir tomar as ações nos sistemas das transportadoras."
gDJBKeM,KYQKb1D,2025-09-19 14:40:32,7407240061,Correios,10,10,2,10,10,10,10,10,10,10,10,1,1,2,10,10,10,7,7,3,3,5,"Pontos de entrega em todo território nacional, nos mais distantes e difíceis acessos.",Preço 
D4xLr95,5BKPW6Z,2025-09-19 14:51:53,14879604103,MelhorEnvio,10,10,10,10,10,10,10,10,10,10,10,6,6,5,7,6,6,7,7,8,8,8,"As plataformas Melhor Envio e Loggi mostram o andamento da carga, mas quando falham neste processo, ficamos na mão.","A pior coisa do mundo é ouvir ""mas a carga ainda está no prazo"", quando você nota do andamento da encomenda que não está tudo ok. Processos tem passo a passo e se algo ocorre, que você enxerga que não está ok, o atendimento via bot ou humano vem como esta resposta que nos deixa extremamente desconfortável."
jaJN1OY,xXxW6ky,2025-09-19 18:36:39,14879512489,Loggi,10,10,10,8,8,10,10,8,10,10,10,8,5,5,8,8,7,8,6,10,10,6,"grande abrangencia de atendimento, poucas falhas na entrega, facilidade de postar","dependendo da região o custo é alto
"
449e4Dk,OD1NyBp,2025-09-19 19:00:29,14879937883,Total Express,10,10,10,10,10,10,10,10,10,10,10,0,0,0,0,0,0,0,0,0,0,0,nao ha,Muito dificil configurar tudo no bling.. .hoje temos a frenet e a total.. e tenho zero acesso a rastreamentos.. clientes que nao voltam mais
rjJz6g2,GxvPOdO,2025-09-19 19:58:00,11234798480,frenet,10,10,0,10,10,10,10,10,10,10,10,8,8,0,10,8,5,8,8,7,5,5,a frenet tem configurações internas que possibilita mais possibilidades de personalização de entrega,rastreio é antigo
ob5Xl41,VLE6gv6,2025-09-19 20:53:07,13178430949,Correios,10,9,9,10,10,10,10,10,10,10,10,8,8,7,5,8,8,5,3,10,9,9,"O principal ponto positivo da solução de logística que utilizamos atualmente é a coleta diária e a agilidade na postagem, que considero muito eficiente. Daria cerca de 99% de avaliação positiva nesse aspecto.",Os principais pontos negativos são os atrasos recorrentes nas encomendas e a dificuldade em abrir chamados para solucionar esses pedidos quando dão problema.
D4xgx1X,VLE62Yv,2025-09-19 21:02:00,14880531820,MelhorEnvio,10,10,10,10,10,10,10,10,10,10,10,2,2,2,0,0,10,0,0,8,0,10,"Os pontos positivos são a integração com o ERP, variedade de modais e rastreamento eficaz ","Os pontos negativos são as falhas da plataforma e o suporte é horrível e mesmo com o Bling dando suporte ao Melhor Envio ainda deixa muito a desejar. 
Gostaria de salientar que o nem mesmo os técnico de suporte conseguem resolver problemas e quando resolvem já é tarde. 
A logística requer rapidez e eficiência e o Bling/Melhor Envio deixam muito a desejar."
ODbOox8,eqZXdLk,2025-09-19 21:12:18,14879089782,MelhorEnvio,10,10,8,10,10,10,10,10,10,8,10,6,4,5,3,3,6,2,2,6,5,3,Custo baixo,"Atrasos na entrega
Serviço não confiável
extravio de encomendas"
pbJ8ve1,kdaPVkM,2025-09-19 21:14:20,14880578478,Própria,10,10,10,10,10,10,10,10,10,10,10,10,10,10,10,10,10,10,10,10,10,10,Muito boa ,Muito boa 
vGJoVRA,81oBzLO,2025-09-19 22:16:45,13800631332,Correios,4,8,0,10,10,10,10,10,10,3,10,6,3,0,10,0,3,0,0,0,0,4,Confiabilidade,Dificuldade na resolução de problemas
1ANqzjM,5BK7496,2025-09-19 22:16:46,14879358409,Correios,10,10,10,10,10,10,10,10,10,10,10,4,5,5,10,7,10,7,6,10,10,6,Prazo,valor
kdJMBar,rjy4OoX,2025-09-19 22:41:05,14880525238,MelhorEnvio,10,10,7,10,10,10,10,10,10,8,10,3,3,5,8,8,9,9,8,8,8,8,Integração e facilidade para gerar envios,Custo alto para o cliente
EkZ4JYr,jaDRvkE,2025-09-20 02:34:12,14880309050,MelhorEnvio,10,10,10,10,10,10,10,10,10,10,10,10,10,10,10,10,10,10,10,10,10,10,Muitos!,Não tenho postos negativos
Xx8KzAd,Zj57yl5,2025-09-20 03:47:35,14880252135,Frenet,10,10,10,10,10,10,10,9,10,10,10,9,10,10,9,8,9,8,9,7,8,7,A mesma faz a cotação em várias transportadora e me entrega o melhor prazo e preço ,Parar gerar a remessa tenho que fazer 2 vezes o mesmo processo
816vyek,Bz4rDze,2025-09-20 10:15:39,12895013803,"RODONAVES, FEDEX, SETEX, BRASPRESS, ESPRESSO FIGUEIREDO, CAMPINENSE",10,10,10,10,10,8,10,10,10,10,10,6,6,6,7,5,5,5,5,5,4,5,Nossos itens são fora de medida e com nossos volumes menores não temos problemas,"O MEU MAIOR DESAFIO É CONSEGUIR EMPRESAS QUE TRANSPORTEM GRANDES VOLUMES, pois trabalhamos com peças para caminhão e isso é um desafio muito grande, pois os fretes são mais caros pelo volume e poucas empresas abraçam a causa. Agora nos pequenos volumes não temos problemas."
7RaBrl2,xXxA0lv,2025-09-20 10:53:27,14879915042,Jadlog,10,10,10,10,10,10,10,10,10,10,10,6,5,2,2,2,2,1,10,2,2,2,Coleta na empresa,"EXTRAVIO E MERCADORIA DANIFICADA NO TRANSPORTE , ATRASO NAS DEVOLUCOES E NEGA EM IDENIZACOES"
RGbXOEl,9qG8RxG,2025-09-20 11:25:23,14879814213,MelhorEnvio,10,8,8,7,10,10,10,10,10,9,10,8,8,3,7,7,5,1,1,5,7,4,"Facilidade, integrado com nosso marketplace","Dificuldade na resolução de problemas, muiuta demora, com o contato do entregador, informações mais precisas no rastreio"
WOj92Qk,Ekz2ALA,2025-09-20 12:11:31,14880572545,MelhorEnvio,10,10,10,10,10,8,10,10,10,10,10,6,6,6,8,8,8,8,8,10,10,8,Integração e informações sobre os envios,"dificuldade de contato rápido e agilizado quando temos problemas e dúvidas para solucionar. Chat péssimo.
"
ODo149A,2E8pZoe,2025-09-20 12:23:13,14879644440,Frenet,10,10,7,10,10,10,10,10,8,8,10,7,7,7,8,5,6,2,2,6,4,6,Facilidade com a impressão de etiquetas. Eu utilizo a FRENET e o melhor envio. O melhor sistema era da Kangu que foi encerrada.,"No caso da frenet a falta de integrar envio por remessa de forma da mesma forma que é feito com o melhor envio hoje. E o principal problema, dificuldade na solução de atrasos e extravios, com a falta de informação, demora e contatos atualizados dos pontos logísticos impedindo a solução de problemas com a entrega. POr exemplo...todos os pontos da jadlog não atendem telefone no pais, não respondem, com números  de contato e e-mails defasados que não funcionam, forçando uma peregrinação pelo google trás de contato do depósito. Inclusive o contato com a jadlog só é possível pelo reclame aqui,  da qual empresa ela pertence ou tem acordo."
gDkDDQ1,xXxGJBy,2025-09-20 16:00:33,426728476,Total Express,7,8,7,10,9,9,9,9,10,9,6,7,9,7,9,9,6,8,9,10,7,6,transparencia ,O que falta é a efetiva integração logistica entre o BLING e a VTEX. informando a entrega e não só o envio.  está em eterno desenvolvimento pelo bling
xXlXpVE,RGKOLMK,2025-09-20 16:54:04,14225139220,Frenet,10,10,10,10,10,10,10,10,10,10,10,7,8,7,8,8,10,4,5,7,7,7,Opções de ponto de coleta de pacotes próximo ao meu endereço ,Transportadoras novas com preços atrativos com pontos de coletas próximo ao meu endereço 
Xx2xvxP,Ekzpa7X,2025-09-20 19:18:06,13264285638,MelhorEnvio,10,10,5,10,10,10,10,10,10,8,10,7,5,5,7,7,8,8,7,7,6,7,Nihil,Nihil
xXlVzqr,KYQbVND,2025-09-21 01:25:10,14880055479,MelhorEnvio,10,6,7,10,9,10,9,10,10,8,10,6,10,8,9,9,9,8,4,6,9,10,"Diversas opções de frete, integração com várias lojas e sistemas, pouca burocracia para começar a usar.","Suporte do Melhor Envio é muito demorado, para situações que geralmente são urgentes para o lojista. Na integração com o Bling, na primeira tentativa de impressão da etiqueta, após pagamento, sempre ocorre um erro ""recurso não encontrado"", na segunda tentativa funciona. Os preços dos fretes já não estão muito competitivos, o contrato direto com os Correios está mais vantajoso, mas com a Jadlog, continua mais barato pelo ME."
yPdM5rd,lbDJb9V,2025-09-21 10:05:27,14879514826,MelhorEnvio,10,10,10,10,10,10,10,10,10,7,10,8,2,2,6,8,8,5,2,5,5,2,oferece opçao mais barato,a nota fiscal não e automatico. A atualizacao do sistema demora muito
gDkeelP,OD1OzyK,2025-09-21 11:41:48,14880740278,Correios,10,10,9,10,10,9,10,9,10,9,10,7,8,8,10,9,9,10,9,10,9,8,.,.
5Bp4EJd,5BKW8yb,2025-09-21 13:19:22,12024676849,"Nosso maior volume de vendas é através da Shopee, então são várias transportadoras envolvidas.",10,10,10,10,10,10,10,10,10,10,10,10,10,10,10,10,10,7,9,10,10,10,Praticidade,Os pacotes são não manuseados de maneira correta. Muitas das vezes os pedidos chegam avariados.
VL4jyLN,EkzyAAq,2025-09-21 14:08:52,223791641,Correios,10,10,10,10,10,10,10,10,10,7,10,7,7,6,7,5,9,1,2,9,7,9,Correios emito tudo pelo Bling.,"Melhor Envios emito só etiqueta pelo Bling e tenho que ir na plataforma deles para imprimir a folha de Minuta de Transporte, acaba sendo o mesmo trabalho que fazer tudo por lá."
A7jKNxW,PdjVyK0,2025-09-21 14:28:55,13182328139,SMART ENVIOS,10,8,8,8,8,6,8,7,10,8,10,9,8,8,8,8,6,7,7,2,8,0,Preço competitivo e boas opções ao cliente.,"Não tem integração ao bling. Só API, mas não gera etiqueta direto no bling, o que atrapalha muito. Conheço muitos sellers na mesma situação!"
lbMq2e6,5BKWgZQ,2025-09-21 14:39:21,14880231552,Loggi,10,10,10,8,10,10,10,10,10,10,10,5,5,5,8,8,5,7,7,8,8,8,Valores mais competitivos / Melhor visualização de rastreio e integrações para o cliente final,Falta de espaço para cadastro e indicações de pontos PEGAKI na cidade que operamos.
obkGdLO,gDDj9PM,2025-09-22 08:31:52,356772064,MelhorEnvio,10,9,8,10,9,10,8,10,10,8,10,3,1,1,8,8,1,5,0,10,2,0,deveria ter mas nao tem. ,"melhor envio tem o pior suporte da internet.O sistema de vcs e pessimo com a integração com melhor envio. ja abri varios chamados sem solução. O Bling so ajuda o que e de interesse de vcs, o cliente como eu vcs deixam de lado, E pessiomo o sistema de integraçãode vcs com melhor envio"
dWkd8Qr,9qqGd2Q,2025-09-22 08:57:36,9578875957,Correios,10,10,10,7,9,6,8,8,9,5,5,4,4,4,7,3,6,4,5,9,5,5,Preciso de coleta,"Tivemos extravios de encomendas sem reembolso da mercadoria pelo Melhor Envio, portanto não estamos mais utilizando essa solução logística "
EkNW29L,aQQNagX,2025-09-22 10:17:06,10162464091,Smart 2c,10,10,10,10,10,10,8,10,10,10,10,10,10,10,10,9,0,9,10,10,10,0,Preço competitivo,Falta de integração com Bling e ratreio automático 
Xx2WW8j,Npp5xbB,2025-09-22 11:24:30,14880533192,Jadlog,5,10,10,10,10,10,10,10,10,10,10,8,6,9,5,8,5,4,5,8,1,6,fh,fh
Me7zbx0,yPPZA08,2025-09-22 11:30:46,5926691717,Correios,10,10,10,10,10,10,10,10,10,10,10,6,2,4,4,6,8,6,6,9,8,8,"Integração, emissão de etiqueta automática, envio de rastreio por email para pedidos fora de SP","Não tem envio de rastreio por email para pedidos de SP, poucas transportadoras."
68p2vke,lbbDE0k,2025-09-22 11:50:40,14051064268,MelhorEnvio,10,10,10,10,10,10,10,10,10,10,10,7,6,5,5,5,3,1,1,9,1,0,não tem,"demora para entregar, suporte horrivel"
44pxvOr,1AAPaxO,2025-09-22 11:51:35,14625810347,MelhorEnvio,10,10,7,10,10,10,10,10,10,6,8,7,7,5,10,10,10,7,7,10,10,6,"Integração automática com meu site, várias opções de frete, possibilidade de adicionar mais dias ou valor por categoria diferenciada.","Não tem alguns dos principais pontos de coleta no meu bairro, ausência de atendimento humanizado em caso de problema, demora na resolução de problemas."
VL4595l,Bzz4rA4,2025-09-22 12:02:49,14879221644,Correios,10,10,10,10,10,10,10,10,10,10,10,8,8,9,9,9,10,9,9,6,8,3,"Bom custo beneficio, abrangencia nacional . ","Falta de integração para emissao de etiquetas, 
atrasos pontuais para determinadas regioes. "
7Rp21l2,vGGjRp4,2025-09-22 12:10:23,8525295633,Onlog,0,0,0,10,0,0,0,0,10,10,10,0,0,0,10,0,0,0,0,10,10,10,Tenho a opção de várias trasnportadoras,"A operação poderia melhorar
"
VL45vvE,xXXxGKy,2025-09-22 12:12:05,14879308065,Loggi,10,10,10,10,10,10,10,10,10,10,10,5,5,5,4,4,4,0,0,10,10,10,Preço,Quando dá problema não temos suporte eficiente
RGV5VZ4,vGGjoy8,2025-09-22 12:20:17,10807005413,Correios,10,10,10,10,10,10,10,10,10,10,10,8,7,6,9,8,7,7,7,7,7,8,.,.
kdk6vbR,A77P10k,2025-09-22 12:22:52,522053121,GLOBAL CARGO,10,10,8,10,10,10,10,10,10,10,10,2,3,5,9,9,3,10,10,7,0,0,RÁPIDO E CONFIÁVEL.,"VALOR ALTO, SEM RASTREIO"
PdG5gOQ,Ekkkz0r,2025-09-22 12:39:59,14879000587,MelhorEnvio,10,8,10,8,10,8,10,7,10,9,8,8,8,8,8,10,8,8,7,8,6,8,Facilidade de emissoa de etiqueta e pontos de coleta,Coleta poedria ser no meu deposito
yPd9bkX,EkkkKRX,2025-09-22 13:01:37,14880265923,manda bem,10,10,10,10,10,10,10,10,10,10,10,10,10,10,10,10,6,10,5,7,5,5,"O principal ponto positivo no Manda Bem é o atendimento via whatsapp e os preços que são muito atrativos, mesmo eles trabalhando somente com a jadlog e correios",não tem conecção com o Bling.
2EDNYdL,XxxxLX4,2025-09-22 13:02:01,552704096,Correios,10,10,10,10,10,10,10,10,10,10,10,8,8,8,9,10,10,8,8,10,1,10,Colete e envio no prazo,Valores
WOj5aEQ,Y555RBN,2025-09-22 13:07:23,14879755092,Correios,8,10,10,10,10,10,10,10,10,10,10,0,0,0,0,0,0,0,0,7,0,4,"Somente a opção que a franquia dos correios que uso me proporcionar coleta diária sem custo em meu CD. Inclusive é o motivo de ainda ñ ter trocado a forma de envio. OU seja, bônus para o gestor da franquia que quer agregar mais clientes.","Retorno de mercadoria por incompetência humana na entrega.
Atraso de entrega
Falta de rastreio 
Entrega errada"
44pxVqk,0QQQB0Q,2025-09-22 13:12:59,11127263255,Correios,8,7,8,9,10,9,9,10,10,9,10,8,7,8,8,9,9,6,8,9,7,8,"Os valores estão dentro do mercado, a maior parte dos pedidos chega certinho. ","Quando há avaria, nunca é solucionado e ficamos com prejuízo. "
rjkAZD2,jaaaoZa,2025-09-22 13:14:15,14880105924,Correios,10,10,8,10,10,10,10,10,9,10,10,10,10,8,8,10,7,5,5,9,5,5,"Eles são muito pro ativos pra resolver as particularidades do envio. O serviço é eficiente, ágil. E econômico.","Hoje eu nao consigo que meu estoque do sistema seja sincronizado com o estoque real que mantenho com eles lá na logística. Isso é algo que melhoraria muito a minha vida.

Gostaria de ter a informação de que um pedido esta retornando para o.remetentr de forma mais explicita. E também das tentativas de entrega nao sucedidas"
dWkxOLo,GxxxlKO,2025-09-22 13:24:03,8973895426,MelhorEnvio,10,8,3,10,10,10,10,10,8,6,10,9,6,8,9,9,7,0,0,9,4,8,"Custo, facilidade de emissão, boa integração","Suporte horrível, não notifica erros ou problemas na entrega, temos que acompanhar as entregas uma a uma pra buscar problemas, e entrar em contato direto com a transportadora para solucionar"
zx1DpDE,xXXXpA9,2025-09-22 13:39:42,14879892381,MelhorEnvio,10,10,10,10,10,10,10,10,10,10,10,0,0,0,0,0,5,2,2,2,2,5,"Nenhum pois é engessada preciso de automação e velocidade hoje é muito manual e a integração é ruim, vamos sair do bling que tem um péssimo atendimento, hoje pago R$5.000,00 de consultoria pra agencia homologada no bling dinheiro jogado fora .","muito processo manual, não atende minha operação b2b, precisa ser prépago... "
obky9D5,J999Rrr,2025-09-22 13:50:29,12684922255,MelhorEnvio,8,8,8,10,8,8,10,10,10,8,10,7,8,8,8,8,6,3,3,8,5,9,Integra facilmente. Tem melhores opções de transporte da região.,"Pós venda é péssimo... seguir a regra eu tenho que abrir chamado com melhor envios. Demoram muito tempo e a grande maioria das vezes não resolvem nada. Me dá uma dor imensa ficar tentando caçar qual agência da jadlog está com o produto travado e entender os motivos e destravar.  Correios direto já é horroroso fazer essas tratativas, com melhor envios no meio então, a chance de resolver é zero.  Sem falar que avarias de transporte caem em processos de ""acareação"" infinitos e não dão em nada..  a mediação costuma ser pobre de bom senso e tendenciosa para aceitar qualquer coisa que as transportadoras dizem. "
GxQz17Z,aQQQZvZ,2025-09-22 14:29:19,10865564715,MelhorEnvio,10,10,10,10,10,10,10,10,10,10,10,3,1,1,1,1,1,1,1,10,1,10,Ponto positivo integração de todas as operações,"Quando algo atrasa e da errado suporte péssimo, não podemos reclamar direto ao meio de transporte de ficamos na mão da boa vontade dos funcionários da melhor envio"
eqY67q0,QKKKzGG,2025-09-22 14:41:48,14880532811,MelhorEnvio,10,10,10,10,10,10,10,10,10,10,10,8,8,8,8,7,10,5,5,6,5,5,"o fato de disponibilizar varias opções ao cliente é o ponto positivo, ","Infelizmente o uso no sistema é confuso eu tomei um prejuizo na primeira emissão da etiqueta pois nao sabia o procedimento a seguir, pois o sistema permite gerar a etiqueta sem gerar nota fiscal fazendo com que nao gere vinculo e em nenhum momento da emissão da etiqueta o sistema me alertou essa possibilidade de falha e justamente nessa emissão que eu emiti a nota fiscal posteriormente a gerar a etiqueta a mercadoria foi destruida pela transportadora e pelo fato da nota fiscal nao ter sido anexada na emissão da etiqueta tomei um prejuizo de 689,90 + frete ou seja o sistema deveria alertar as etapas quando nao seguem um padrão sugerido por vocês"
WOjNpYP,EkkkNOL,2025-09-22 14:46:20,2765487373,Correios,10,10,10,10,10,10,10,10,10,10,10,5,7,3,6,6,2,0,5,6,3,7,"No caso de Correios, a facilidade em gerar etiquetas e ter todo o processo de monitoramento integrado dentro do Bling, sem necessidade de abrir outras janelas/apps/sites. ","A falta absoluta de comprometimento, prazo, atuação em casos de extravio, mal encaminhamento, retorno..."
PdG6BM0,zxxxLK1,2025-09-22 14:48:34,14879897083,Correios,10,10,10,10,10,10,10,10,10,10,10,5,5,8,6,7,6,5,5,8,6,5,"facilidade de integracao, e emissao de etiquetas ","valores, problemas na entrega, e prazos "
WOjND2a,xXXXz1d,2025-09-22 14:56:25,876694699,Correios,8,10,9,10,10,10,10,10,10,8,10,7,8,6,7,10,9,6,6,10,7,9,"- Coleta na origem por agencia franqueada dos Correios
- Impressão de etiquetas e rastreamento de boa qualidade
- Faturamento e pagamento mensal por boleto
- Cobertura nacional e sem muita variação de preço conforme o local de destino","- Preço competitivo mas nem sempre é o mais baixo, principalmente quando o destino é outro estado
- Solução de problemas pós-venda"
D4ZNZqE,obbbxWx,2025-09-22 15:04:04,14880046892,MelhorEnvio,9,10,5,10,10,10,10,10,10,8,10,9,9,5,8,8,8,9,8,7,8,8,"Praticidade, integração simples",Rastreio não atualizam automaticamente dentro da plataforma do ecommerce
D4ZNPyR,rjjjbz2,2025-09-22 15:34:23,14879071708,Correios,10,10,10,10,10,7,10,7,10,8,10,3,5,6,9,9,7,5,7,5,6,7,"Funciona, não tenho problemas de extravio e perca. Entregas funcionam","Custo alto e não retiram, tenho que levar até um ponto de colheta"
44p80rb,MeeeZOA,2025-09-22 15:48:52,14878993599,MelhorEnvio,10,10,10,10,10,10,10,10,10,10,10,9,10,10,9,8,9,9,10,10,10,10,"Ter coleta no meu endereço é extremamente importante e a coleta deles funciona super bem, e o atendimento para resoluções de problemas com os envios também é bem rápida e eficiente.",No momento não tenho nenhum ponto negativo para informar.
EkNXo2N,obbb87O,2025-09-22 15:55:42,14879269165,Enviali,10,10,10,10,10,10,10,10,10,10,10,5,3,6,9,9,7,5,5,10,8,5,Estar integrada ao meu sistema e ja enviar as informações diretamente para o cliente,nao nos dar opção de usar outras alternativas sem ter que pagar taxas a mais e não ter a mesma facilidade para usar
q4kd0a7,vGGGlzQ,2025-09-22 16:22:24,8437388482,Enviali,9,9,9,9,9,9,9,9,9,9,9,9,9,9,9,9,9,9,9,9,9,9,todos,nemhum
dWkYjGo,Xxx5oaL,2025-09-22 17:51:56,14879859663,"Transportadora local para peças grandes, mas só consegue atender até 200 km de São Paulo",10,10,10,10,10,10,10,10,10,10,10,5,5,5,5,5,5,5,5,5,5,5,"Vendo peças grandes, tais como capos,  parachoques, portas e etc.
Mas uma transportadora que faz pra mim só  atende algumas cidades próximas até  200 km de São Paulo. ","Vendo peças grandes, tais como capos,  parachoques, portas e etc.
Mas uma transportadora que faz pra mim só  atende algumas cidades próximas até  200 km de São Paulo. "
jakB7Z1,Mee1E1X,2025-09-22 17:53:33,14880560169,MelhorEnvio,10,10,10,10,10,10,10,10,10,7,10,7,7,7,6,6,4,5,5,7,6,7,autonomia,"não estou conseguindo enviar os dados de pedidos feitos manualmente no bling para o melhor envio como algum tempo atrás, antes apo´s emitir a nota fiscal os dados eram enviados para o melhor envio automaticamente, agora está dando erro, não consegui reparar e todos os pedidos manuais tenho que digitar todos os dados no melhor envio para comprar a etiqueta, preciso de ajuda  mas nao sei como contatar o suporte de vocês
"
PdGAXbQ,lbba6RX,2025-09-22 17:55:37,4007592747,MelhorEnvio,10,10,10,10,10,10,10,10,10,10,10,8,7,7,9,8,8,3,3,8,8,8,"Compra de etiquetas, coleta.","Suporte ao cliente via mensagem, demora demais pra solucionar um problema... todas as etiquetas tem o telefone do cliente, mesmo assim quando tem falha na entrega nem tentam contato com o cliente... comprovante de entrega com POUCA informação."
EkNPbNX,dWWb9Ld,2025-09-22 18:00:47,14879624902,Correios,8,8,9,10,10,10,10,10,9,9,9,3,3,1,0,0,0,0,0,7,4,4,"Capilaridade, abrangência  de localidades atendidas.","quando acontece alguma ocorrência, não conformidade com a entrega; atraso na entrega, estravios, os canais de atendimentos não são suficientes apra dar um retorno ágil e rápido apra a situação. É muito demorado. Cliente fica sem informação atualizada."
EkNP9PN,b55ZvW0,2025-09-22 19:56:58,14880595397,MelhorEnvio,8,9,5,9,10,8,8,8,8,8,10,6,6,5,9,9,8,8,7,8,5,8,"Pré definição clara de valor
Custo acessível
integração",Prazo
jakMdQJ,QKK1REX,2025-09-23 00:24:47,14879902793,Correios,10,10,10,10,10,10,10,10,10,10,10,0,0,0,2,0,7,5,5,8,7,5,Tem cobertura de entrega para todo o Brasil.,"Espera na fila para postagem de mais de 1h, atrasos em vários objetos, altos custos e suporte ruim."
PdG0pOB,D44Bz6l,2025-09-23 00:44:09,953982220,Jadlog,10,10,10,10,10,10,10,10,10,8,10,8,7,1,9,8,10,1,1,10,1,10,"Preço excelente, facilidade em deixar o material, praticidade na emissao dos documentos","Se precisar falar com um ser humano pra resolver qualqurr coisa, esquece. se ocorrer qualquer situação diferente já era!!  Nao tem retorno, nao tem prazo razoavel ... melhor aceitar que tu perdeu a venda e o material. Depois de longos meses eles reembolsam. "
VL48jpa,Y55PWdz,2025-09-23 00:48:31,14879698942,não quero responder qualquer pesquisa,0,0,0,0,0,0,0,0,0,0,0,0,0,0,0,0,0,0,0,0,0,0,GOSTARIA QUE FOSSE OPÇÃO RESPONDER QUALQUER PESQUISA ,todos 
lbM707N,A77KoYl,2025-09-23 10:33:24,14879759937,Total Express,10,7,8,9,10,10,10,10,10,8,10,7,8,8,9,10,6,8,8,10,7,8,"Atendimento, agilidade em problemas e coletas","Acredito que seria o rastreio para o cliente, deveria ter mais informações"
9qoEpVG,vGGeGBd,2025-09-23 10:44:02,14880056969,MelhorEnvio,10,7,8,10,10,9,10,10,10,10,10,4,6,3,8,8,9,8,5,10,5,5,Ter diversos meios de logiśtica,"Dificuldade de comunicação com suporte. Preços elevados para clientes que estão começando. Não faz integração com nosso contrato dos correios. Nem o bling, só a partir de planos superiores."
KYaJZ5g,5BBj9qP,2025-09-23 11:18:07,14880126478,MelhorEnvio,10,10,10,10,10,10,10,10,10,10,10,7,5,2,4,5,8,4,4,3,4,2,"pontos positivos, imprimir etiquetas pelo bling ","pontos negativos, não tem uma lista de separação detalhada de cada itens e remessa para um dia específico "
PdGXZxB,jaa6Q1Y,2025-09-23 11:41:37,14880485781,Loggi,10,9,10,10,10,10,10,10,10,8,10,8,8,8,6,5,4,7,6,6,4,6,Coleta e emissão de etiqueta com integração com a loja,"Rastreio confuso e nada prático para o cliente, e muitas encomendas são entregues avariadas e muitos entregadores dizem que entregaram, mas não entregaram nada, ai tem que abrir chamado para saber o que aconteceu, e muitas vezes eles vão lá entregar sometne depois da reclamação."
jak78jJ,vGGGlzQ,2025-09-23 11:41:43,8437388482,Enviali,9,9,9,9,9,9,9,9,9,9,9,9,9,9,9,9,9,9,9,9,9,9,otima,nenhum
A7jqelo,obbeyGP,2025-09-23 11:43:18,706426736,MelhorEnvio,10,10,7,10,10,10,10,10,10,7,10,9,9,7,9,9,9,8,8,8,7,0,preço ,"coleta, ponto de coleta"
7RpVkM0,xXXMpk9,2025-09-23 11:48:20,420061141,Total Express,10,10,10,10,10,10,10,10,10,10,10,8,8,8,8,8,10,8,6,4,7,8,Possibilidade de emissão de etiqueta apenas com a DECLARAÇÃO DE CONTÉUDO.,Impressão não agrupada das etiquetas.
7RpVky9,7RRLdx0,2025-09-23 11:49:32,14879200311,MelhorEnvio,9,9,8,10,10,10,10,10,10,10,10,7,5,5,6,1,0,0,0,8,3,3,"Praticidade para envios e cotações, preços baixos.","Dificuldade para soluções caso haja problemas com entregas, alguns modelos logisticos não estão disponiveis para minha região, suporte para cliente e remetente muito demorado e não soluciona nada."
dWkD70y,2EEakRV,2025-09-23 11:58:47,14879437734,Enviali,10,10,10,10,10,10,10,10,10,10,10,5,5,3,7,7,7,5,5,10,5,5,facilidade de usar o sistema ,"valores de frete mais altos em comparação a outros lojas que comparamos os preços . Mais opções de empresas que oferecem o serviço de transportes , especialmente fora de sp e outros estados, demora nos retornos das duvidas mais especificas junto a central "
ZjZz4RB,2EEavjg,2025-09-23 12:15:39,14879636881,R3 Express,10,10,10,10,10,10,10,10,10,6,10,10,9,5,8,8,2,0,0,6,10,6,Entrega rápida e alta taxa de sucesso.,"Equipe insuficiente para contornar problemas na entrega, falta de sistema de rastreio e impossibilidade de reduzir a faixa de horário de entrega (como por exemplo não fazer entregas depois das 23h ou selecionar horarios de clientes que operam em horário comercial)."
1Ap2VyW,KYY5vB8,2025-09-23 12:50:40,8223741527,Frenet,10,8,7,10,10,10,10,10,9,10,10,7,8,7,9,6,9,7,7,9,8,8,"Poder comparar diferentes transportadoras em um só lugar facilita bastante o processo de decisão, e também da mais opções ao nosso cliente final. Os fretes também tem preços mais competitivos do que os convencionais, sem contrato.","Acredito que da para tornar os fretes ainda mais competitivos e melhorar o suporte aos pedidos. Muitas vezes a responsabilidade de erros e da demora no retorno é jogada totalmente para a transportadora. Algo que me incomoda é a falta de clareza em relação ao status dos nossos envios (quantos estão em andamento, quantos já foram entregues, quantos estão com informações pendentes). Já aconteceram algumas vezes de um pedido necessitar de mais informações de endereço e eu não ficar sabendo, porque não consigo abrir todos os rastreios diariamente. Dessa forma os produtos acabaram retornando a loja por perda do prazo estabelecido para completar as informações. Sendo que se tivesse um dashboard, todo esse processo seria bem mais fácil, até para poder orientar e informar nossos clientes."
QKOB5Qg,NpplbqQ,2025-09-23 12:54:47,10151289521,Correios,8,10,9,10,9,10,10,10,7,8,9,6,6,5,6,7,8,7,5,4,3,4,"abrangência na entrega, com um custo baixo.","identificação do produto, sistema de cadastro de mercadoria, integração com meu ERP."
PdGBga5,2EEazbA,2025-09-23 13:55:13,7828822637,MelhorEnvio,5,10,10,10,10,10,10,10,10,10,10,5,8,8,8,10,10,9,9,10,5,10,"As cotações mesmo não sendo as mais baratas, nos traz um retorno rápido em questão de valores e o processo é bem ágil também, fazendo nosso processo geral ficar mais rápido.",O ponto negativo seria o valor do frete.
Xx2BAqe,A772eDB,2025-09-23 14:06:48,596157500,Correios,10,10,10,10,10,10,10,10,10,10,10,5,5,5,5,5,5,5,5,5,5,5,NNNNN,NNNNN
q4kEQpY,Pdd1JP1,2025-09-23 14:07:35,8214023950,Correios,10,10,10,10,10,10,10,10,10,10,10,6,6,1,8,7,8,2,2,3,3,4,Emissao de etiqueta em pré-postagem que permite deixar os pacotes na agencia de correios sem precisar pegar fila para postar.,"quanto há algum atraso na entrega, não há um canal de atendimento que forneça informações além do rastreamento e nem mesmo que ofereça alguma solução."
PdGBKDP,lbbepXk,2025-09-23 14:25:25,14879571033,MelhorEnvio,10,7,6,9,10,8,8,8,10,6,10,8,8,6,8,7,6,5,3,6,6,7,Variedade de opções com preços geralmente bons,"Falta de coleta, muitos passos diferentes para realizar uma emissão de etiquetas, pagamento complexo, visibilidade ruim do que tem a emitir, a enviar etc."
D4ZXo2l,dWWb9Ld,2025-09-23 16:16:06,14879624902,Jadlog,8,9,10,10,10,8,9,10,8,9,8,1,2,0,0,0,2,0,0,3,2,3,"abrangência de atender grande parte do Brasil, grandes e pequenos centros.","Atendimento ao cliente, muito fraco, sem retorno, respostas sobre ocorrências. Acessibilidade ao atendimento humano muito ruim. Somente por e-mail e demora muito para termos um retorno e solucionar problemas"
vGd0Q00,0QQ8klB,2025-09-23 16:53:49,14879882611,AZUL CARGO TRANSPORTES,10,10,10,10,10,10,10,10,10,10,0,10,10,10,10,10,10,10,10,10,10,0,"Azul cargo é a melhor empresa, empresas terrestres são mais caras e piores - muita avaria, atraso e problema.",Apenas o alto custo para grande volume
xXl96Yo,kddGVYe,2025-09-23 18:44:34,14880012136,Correios,10,9,10,9,8,9,9,9,9,8,9,7,6,4,9,8,9,6,7,10,10,9,CREDIBILIDADE.,ALGUNS ATRASOS.
eqY9oOO,NppXegN,2025-09-23 18:47:05,14879550564,Correios,10,5,10,10,10,10,10,10,10,10,10,5,5,5,8,5,6,10,8,8,8,10,estou começando agora,"ENVIOS 
Divulgação"
1ApG0p1,J99OqvX,2025-09-23 19:20:45,14880521531,Correios,10,10,9,10,9,9,8,10,9,8,10,6,2,2,5,8,7,6,7,7,7,6,Seguro,Valor
VL4vZ1a,1AA9b4l,2025-09-23 21:08:22,592617650,azul cargo,10,10,10,10,10,10,10,10,10,10,10,8,8,8,8,8,6,7,6,8,7,7,mais rapido que o anterior (correios),rastreio
2ED1lM9,kddNzOR,2025-09-23 22:02:59,9760605362,Correios,10,10,10,10,10,10,10,10,10,10,10,2,4,6,6,6,7,6,6,7,2,5,Poucos casos de extravio e entregas fora do prazo.,Valores caros e dificuldade para geração de etiquetas.
GxQXM9p,7RRNrR2,2025-09-23 23:47:29,1474536023,Enviali,10,10,8,10,10,10,10,9,8,8,9,7,7,7,8,9,9,8,8,8,8,9,Facilidade e praticidade para gerar etiquetas. ,Gostaria de um processo mais automatizado.
vGdKRrd,Pdd5PQb,2025-09-24 10:41:44,11109026415,Loggi,0,10,10,10,10,10,10,10,10,10,10,2,4,10,9,0,6,4,6,4,1,1,ponto de coleta proximo,não consegue emitir frete utilizando o xml
PdGkaj0,jaaQpvR,2025-09-24 10:54:19,1137193910,MelhorEnvio,10,7,7,9,8,8,8,8,10,5,8,9,8,7,9,8,8,8,8,5,8,8,-,-
NpRPA4B,gDDMojd,2025-09-24 11:50:38,14880516319,Frenet,5,10,10,10,10,10,10,10,10,10,10,4,7,10,10,10,10,8,8,6,7,10,"Preço, facilidade de integração","Não emite etiquetas em transportadoras com tabela especial negociada, não tem opção multi cd, não tem um suporte suficientemente bom para indicação de transportadora para reduzir o custo de frete, o que é muito importante para nossos produtos de ticket médio mais alto e produtos maiores e mais pesados"
b56zXK2,4448QLk,2025-09-24 13:08:19,8658605944,nuvens envio e melhor envio,10,10,0,7,8,10,10,10,10,7,10,5,5,0,7,5,7,5,5,2,5,0,locais de entrega dos pacotes sao muito próximos ,preço
b56zoAZ,Y55QGEz,2025-09-24 13:32:27,7014975514,Total Express,10,10,8,10,10,10,10,10,10,8,10,10,10,10,10,10,10,10,10,10,10,10,"Ótimas tarifas, entregas no prazo, ótima integração com o Bling, pedido  de coleta gerada automaticamente e Excelente suporte em caso de problemas. ",Nenhum
44pOZNB,b557W4e,2025-09-24 13:35:21,14183177840,Correios,10,10,10,10,10,10,10,10,10,10,10,10,10,10,7,7,6,5,5,5,5,5,.,.
0QDAOMy,J996LY4,2025-09-24 14:18:53,14830650861,MelhorEnvio,8,8,4,10,10,9,10,10,4,4,10,9,9,4,7,6,6,2,3,5,7,7,Melhor custo beneficio,"quando tem problema de atraso, a devolução do valor do frete vai pra eles"
RGVrk6J,pbbKv7E,2025-09-24 15:13:31,14880214950,Envie Agora,10,8,9,10,10,10,10,10,8,8,10,8,7,9,7,6,7,5,6,8,8,9,Coleta na empresa e muitas opções com transportadora e Correios,Dificuldade de abertura de chamado e comprometimento com a entrega.
ZjZQqOB,Pdd6QB5,2025-09-24 16:16:39,14879090942,Correios,10,10,10,10,10,10,10,10,10,10,10,10,10,10,10,10,10,10,10,10,10,10,segurança,morosidade na entrega ao comprador final
eqYokEO,zxxqBGq,2025-09-24 16:17:16,14879096929,MelhorEnvio,9,8,9,10,10,10,10,10,10,7,8,7,9,9,9,9,9,10,7,4,9,8,"Agilidade, proatividade","pouca facilidade, dificuldade no atendimento pessoal"
J9WGD84,2EE48Aj,2025-09-24 17:33:27,14879579541,Correios,10,2,10,10,10,10,10,10,10,10,10,9,2,5,9,10,8,0,0,7,4,8,"preço, coleta e entrega ",suporte péssimo quando atrasa
WOjQxga,WOOAYYe,2025-09-24 19:38:21,402259116,Correios,10,10,10,10,10,10,10,10,10,10,10,6,5,0,10,10,8,8,5,6,5,8,"É o menor custo do mercado para pequenos volumes.
Entrega em todo o Brasil e, em geral, as falhas na entrega são mínimas.","Os valores ainda são altos para pequenos volumes. O livro costuma ser mais barato que a taxa dos correios.
Tenho dificuldade em conseguir coletas. Em geral tenho que levar o pacote ao correio."
eqYpEOJ,vGGNWyv,2025-09-24 21:08:22,14880044761,Frenet,10,10,10,10,10,10,10,10,10,10,10,0,0,1,7,4,8,7,3,1,0,8,"Fácil uso, preço baixo","Muitas falhas e erros de cálculos de frete, lentidão na geração. Gestão de documentos ruim."
obkp0o5,obbApLN,2025-09-24 21:31:48,8909820586,MelhorEnvio,10,10,10,10,10,10,10,10,10,10,10,3,3,3,6,7,3,1,1,10,5,10,Integração com bling,Os marcados nas perguntas anteriores
2ED5ANe,vGGBXAv,2025-09-25 00:52:53,6184149444,MelhorEnvio,10,10,10,10,10,10,10,10,10,10,10,6,5,4,8,9,6,6,6,6,6,6,Emissão de etiquetas rapido,"Somente para produtos de porte pequeno entrega via correios, ter credito para gerar etiquetas de envio, ratreabilidade, falta de opção de transportadoras"
q4kXPJg,VLL8kJM,2025-09-25 12:39:40,11312961998,MelhorEnvio,10,5,10,10,10,10,10,10,10,10,10,8,10,8,7,6,5,6,5,8,8,6,Custos de frete e entrega rapida,rastreio
KYaA2W8,Pddl69e,2025-09-25 13:52:59,565389095,Correios,10,10,10,10,10,10,10,10,10,10,10,8,7,8,8,9,8,4,4,10,6,10,.,.
J9WbPZ7,kdd5AXj,2025-09-25 14:07:49,45275186,FM Transportes e CUBBO,10,10,10,10,10,10,10,10,10,10,10,8,6,10,5,7,3,5,4,10,4,9,"integração com Bling, possibilidade de negociação por volume",SLA inferior aos 90%
obkZR5x,GxxLXQo,2025-09-25 14:53:05,10467827012,Central do Frete,10,4,6,10,10,10,10,10,10,7,10,5,4,7,8,7,10,8,5,10,3,3,"Ela tem uma mínima integração com o Bling em que traduz os dados dos clientes, tem um envio intuitivo e prático dentro da plataforma.","Ela não compreende que os materiais vendidos não são enviados individualmente e não realiza a cubagem do material no envolucro/caixa cadastrado, todos os pedidos precisam ser reavaliados."
obkNe5N,7RRvbX2,2025-09-25 17:40:26,12751613987,Total Express,10,10,6,10,5,3,5,4,4,5,5,5,6,6,6,6,3,5,5,5,4,5,Por as vezes ter um valor melhor que correio ,"INTEGRAÇÃO RUIM , SEM SER CLARO A INFOMRAÇÃO PARA O CLIENTE "
gDkPkVO,PddYYOb,2025-09-25 18:57:24,11839777738,MelhorEnvio,10,9,10,10,10,10,10,10,10,10,10,6,7,5,7,5,9,4,4,4,2,1,variedade de transportadoras,"não são pro ativos, as vezes não retorna o preço do frete em tela, não tem canal de atendimento."
Y5x7RL5,dWWjovr,2025-09-25 21:18:24,8811467513,MelhorEnvio,10,10,9,10,7,8,8,5,10,7,8,6,10,7,10,7,8,7,5,10,7,8,Como utilizo o Melhor Envio fica faltando um posto de coleta mais próximo do meu escritório ou mesmo meu Depósito.,"Pontos de coleta mais próximos, considerando que não oferecem coleta em meu endereço."
68pl5E5,GxxovL2,2025-09-26 12:20:10,7999912123,Transporte Próprio,10,10,10,10,10,7,10,10,10,10,10,10,10,10,10,10,7,10,10,10,10,10,"Hoje como usamos 90% de logística própria estou satisfeito, mas gostaria de tercerizar esse serviço, pois como temos uma demanda nacional ","Gera impacto no escalonamento, pois priorizamos as nossas vendas em São Paulo, Rio e Minas, e poderia abrir um mercado bem maior com uma solução logistica mais competivia."
D4Z8RKl,aQQj9aB,2025-09-26 12:40:48,10024622654,Correios,9,8,8,8,9,10,8,9,9,8,9,5,6,3,5,5,5,7,5,7,6,5,Modernidade digital.,Pouca interatividade. 
vGdlMJA,zxx0K8Z,2025-09-26 13:32:51,7744151172,MelhorEnvio,10,10,10,10,10,10,10,10,10,10,10,7,7,5,8,8,6,6,3,5,6,5,"custo do frete,pontualidade na entrega.posto de coleta de facil acesso, suporte agil resolutivo e facil contato","sem suporte agil, dificil contato e ponto de coleta de dificil acesso"
lbMxxrp,vGG052D,2025-09-26 15:42:18,14879337912,Jadlog,6,10,9,10,10,10,8,10,10,10,8,3,5,3,1,4,5,3,3,4,7,5,São muitas transportadores disponíveis.,"Por dificuldade de comunicação, por não ter um atendente pessoal para ajudar na dificuldade e na necessidade, as transportadoras falham. eu por exemplo tenho um produto com uma dimensão pouco fora do convencional, não consigo me cntato verbal, com a jadlog, com melhor envio que entendam a minha necessidade e ofereçam um serviço. deixo de vender por não ter como entregar, tudo por falta de comunicação verbal das transportadoras."
EkNpgBr,rjj2VGo,2025-09-26 17:57:38,14880252098,MelhorEnvio,10,5,10,10,10,10,10,10,10,10,10,5,8,5,10,2,5,4,4,6,10,10,SEM PROBLEMAS,SEM PROBLEMAS
Me7BzDp,QKK8pz1,2025-09-26 20:14:36,13220357416,Correios,10,10,10,10,10,10,8,10,10,10,10,8,8,8,10,8,10,9,9,10,10,10,60%,30%
b56Bde6,J99exb7,2025-09-27 11:29:01,14880740278,Correios,10,10,6,10,10,9,10,10,10,9,10,6,5,3,10,10,9,8,8,10,8,8,.,.
q4kx2pd,yPPdJOW,2025-09-27 14:28:08,478066645,MelhorEnvio,10,10,10,10,10,10,10,10,10,10,10,5,5,5,5,5,5,3,3,8,7,6,Quantidade de transportadores e valores de frete.,"Não emite o documento fiscal corretamente, não entrega, ou devolve se efetivar a entrega."
D4MKKzZ,0QQk9AP,2025-09-28 13:23:33,7447432191,Jadlog,10,10,10,10,10,10,10,10,10,10,10,10,10,10,10,10,10,10,10,10,10,10,logistica eficiente,nenhum
q4vb29Y,BzzlR4Q,2025-09-29 19:12:18,14880645677,MelhorEnvio,7,8,9,8,8,8,8,9,9,9,9,8,8,8,8,8,8,8,9,9,9,9,hnjdghjn,dgjmkdghm
dWvPK9o,2EEg9R9,2025-09-30 01:47:53,590497365,Correios,10,10,8,10,10,7,10,10,10,5,10,4,4,6,9,7,9,6,6,9,7,9,Alcance nacional,"Pós-venda insatisfatório, funcionamento nem sempre perfeito, prazos grandes."
PdkX9bQ,rjjQ2GM,2025-09-30 12:40:51,14879912855,Correios,5,10,10,10,10,10,10,10,10,10,10,5,10,5,5,5,4,5,5,10,5,8,Coleta diária programada,"Atrasos na entrega, regras da ANAC"
b5v8DDE,kdd44Yr,2025-09-30 14:02:23,14879161369,Correios,10,9,8,10,10,8,10,10,10,7,10,7,7,6,8,9,8,6,5,8,7,4,"Como não tenho tantos pedidos os valores são altos e preciso ficar indo até um ponto, mas sem valor atrativo de frete complica aumentar as vendas","ir até o ponto de envio, falta de integração com o erp, quebra de produto"
MeMdPXX,obbNo0O,2025-09-30 16:56:21,2630353990,Azul CArgo,10,10,10,10,9,10,10,10,10,10,10,5,6,6,5,9,6,6,6,6,5,6,Coletas diarias! contato com trnsportadora de forma clara e rapida,"Atraso nas entregas, numeros de caixas danificadas no trajeto."
ZjDRgjB,9qq0vG5,2025-09-30 17:01:07,14879012722,Buslog,10,10,0,10,10,10,10,10,10,10,7,5,6,0,9,9,10,9,7,5,5,5,Menor preço e menor prazo nas regiões que a Buslog atende.,Cobre só sul e sudeste.
81MjbMP,7RR7YG0,2025-10-01 02:49:39,14879880672,MelhorEnvio,10,10,10,10,10,10,10,10,10,10,10,8,7,5,7,7,9,7,8,10,7,10,FRETE BARATO,TEMPO DE ENTREGA
dWvkQyy,lbbEAXB,2025-10-01 12:40:01,35138351,Correios,9,9,7,10,10,9,10,10,8,7,10,7,8,7,6,7,9,9,9,8,8,10,capilaridade dos correios para entrega em locais remotos,"Atrasos, greves, devoluções por falta de comprometimento dos carteiros em achar o endereço do destinatário"
WO11Aok,811lbPx,2025-10-01 14:56:10,14879099101,MelhorEnvio,10,10,10,10,10,10,10,10,10,10,10,7,7,7,8,9,8,8,6,10,8,7,"Facilidade para acessar, plataforma intuitiva e fácil para visualização. 
","Falta melhorar o rastreamento  e a possibilidade de mai lugares para postagem. 
"
MeMGAJk,jaaj6dx,2025-10-01 21:25:25,7091659111,MelhorEnvio,10,10,10,10,10,10,10,10,10,10,10,2,5,5,7,7,3,0,2,10,5,3,Geração de etiquetas,Demora na resposta de problemas relacionado a envio
zxLg1d0,D44jlYE,2025-10-02 03:45:44,434984642,MelhorEnvio,9,10,7,7,10,10,10,10,10,10,10,3,1,1,7,5,7,1,1,1,1,1,Possibilidade de fazer cotações na integração.,Eu não posso levar cada venda a um ponto de coleta.
xXvoqjr,aQQWXGq,2025-10-02 09:22:39,261186269,Enviali,10,10,10,10,10,10,10,10,10,10,10,10,10,10,10,10,10,10,10,10,10,10,Que saco essas pesquisas que não resolvem nada!,A Bling depois que foi vendida ficou insuportável
ODkyXN8,Zjjxx4v,2025-10-02 10:36:25,9774796664,MelhorEnvio,10,10,10,10,10,10,10,10,10,10,10,10,10,10,10,10,10,10,10,10,10,10,simples,demora na resposta a tiket
b5vGYgo,rjj7azN,2025-10-02 11:57:45,14880126478,MelhorEnvio,10,8,9,10,10,10,10,10,10,7,10,5,5,3,3,9,3,8,7,5,7,5,a praticidade de tirar etiqueta dos marktplaces pelo bling ,"não tem uma variedade maior, não permite fazer cotação pelo frete peso, não da cubagem total da mercadoria no pedido "
5BM0rzb,D44r0a5,2025-10-03 10:04:42,10959078081,MelhorEnvio,10,10,10,10,10,10,10,10,10,10,10,3,3,2,1,0,2,0,0,5,0,5,Sistema 100% funcional ,"E caso de problema com a transportadora, atraso, avaria, a melhor envio é a pior solução,
Necessário abrir chamado, pra eles entrar em contato com a transportadora, demora em torno de 4 dias, 4 dias cliente já cancelou a mercadoria.

Então, melhor envio apesar de ter um sistema eficiente, o suporte em caso de problema é o pior de todas."
RGkqeOP,VLpEzrJ,2025-10-03 14:13:35,6474384651,Correios,10,10,8,10,10,10,10,10,10,10,10,0,0,0,0,5,5,5,2,5,5,5,Não existe ponto positivo.,"Preço alto e demora na entrega. Não tenho opções na minha cidade para logisticas mais rápidas, tenho que me contentar com o serviço dos Correios."
obv8P2V,rjDy6y2,2025-10-03 14:27:36,14879706336,MelhorEnvio,10,10,10,10,10,10,10,10,10,10,10,7,7,7,8,8,8,8,8,8,8,8,prazo de entrega e tratamento de ocorrencias.,preços
